"","DATE","fl_nonfarm","fl_lf","us_epr_25to54","fl_bp"
"1",1939-01-01,402.5,NA,NA,NA
"2",1939-02-01,408.6,NA,NA,NA
"3",1939-03-01,413.1,NA,NA,NA
"4",1939-04-01,397.7,NA,NA,NA
"5",1939-05-01,379.3,NA,NA,NA
"6",1939-06-01,369.9,NA,NA,NA
"7",1939-07-01,362.2,NA,NA,NA
"8",1939-08-01,359,NA,NA,NA
"9",1939-09-01,367.5,NA,NA,NA
"10",1939-10-01,388.5,NA,NA,NA
"11",1939-11-01,406.8,NA,NA,NA
"12",1939-12-01,430.9,NA,NA,NA
"13",1940-01-01,427.7,NA,NA,NA
"14",1940-02-01,436.5,NA,NA,NA
"15",1940-03-01,437,NA,NA,NA
"16",1940-04-01,418.7,NA,NA,NA
"17",1940-05-01,401.6,NA,NA,NA
"18",1940-06-01,389.9,NA,NA,NA
"19",1940-07-01,385.1,NA,NA,NA
"20",1940-08-01,394.7,NA,NA,NA
"21",1940-09-01,410.1,NA,NA,NA
"22",1940-10-01,432.8,NA,NA,NA
"23",1940-11-01,466.4,NA,NA,NA
"24",1940-12-01,493,NA,NA,NA
"25",1941-01-01,495.2,NA,NA,NA
"26",1941-02-01,500,NA,NA,NA
"27",1941-03-01,487.2,NA,NA,NA
"28",1941-04-01,473.2,NA,NA,NA
"29",1941-05-01,456.3,NA,NA,NA
"30",1941-06-01,443.9,NA,NA,NA
"31",1941-07-01,445.1,NA,NA,NA
"32",1941-08-01,451.7,NA,NA,NA
"33",1941-09-01,460.8,NA,NA,NA
"34",1941-10-01,471.1,NA,NA,NA
"35",1941-11-01,492.1,NA,NA,NA
"36",1941-12-01,518.9,NA,NA,NA
"37",1942-01-01,517.7,NA,NA,NA
"38",1942-02-01,508.3,NA,NA,NA
"39",1942-03-01,505.6,NA,NA,NA
"40",1942-04-01,502.8,NA,NA,NA
"41",1942-05-01,499.7,NA,NA,NA
"42",1942-06-01,501,NA,NA,NA
"43",1942-07-01,502.3,NA,NA,NA
"44",1942-08-01,511.9,NA,NA,NA
"45",1942-09-01,517.1,NA,NA,NA
"46",1942-10-01,528.1,NA,NA,NA
"47",1942-11-01,541.5,NA,NA,NA
"48",1942-12-01,565.6,NA,NA,NA
"49",1943-01-01,563.8,NA,NA,NA
"50",1943-02-01,574.8,NA,NA,NA
"51",1943-03-01,583.3,NA,NA,NA
"52",1943-04-01,588.3,NA,NA,NA
"53",1943-05-01,588.1,NA,NA,NA
"54",1943-06-01,586.9,NA,NA,NA
"55",1943-07-01,583.5,NA,NA,NA
"56",1943-08-01,579.1,NA,NA,NA
"57",1943-09-01,576.9,NA,NA,NA
"58",1943-10-01,580,NA,NA,NA
"59",1943-11-01,590.3,NA,NA,NA
"60",1943-12-01,602.3,NA,NA,NA
"61",1944-01-01,601.6,NA,NA,NA
"62",1944-02-01,606.2,NA,NA,NA
"63",1944-03-01,605.6,NA,NA,NA
"64",1944-04-01,597.6,NA,NA,NA
"65",1944-05-01,583,NA,NA,NA
"66",1944-06-01,574.3,NA,NA,NA
"67",1944-07-01,561.9,NA,NA,NA
"68",1944-08-01,553.7,NA,NA,NA
"69",1944-09-01,556.8,NA,NA,NA
"70",1944-10-01,565.9,NA,NA,NA
"71",1944-11-01,582.5,NA,NA,NA
"72",1944-12-01,601.5,NA,NA,NA
"73",1945-01-01,595.3,NA,NA,NA
"74",1945-02-01,592.7,NA,NA,NA
"75",1945-03-01,590,NA,NA,NA
"76",1945-04-01,574.4,NA,NA,NA
"77",1945-05-01,562.1,NA,NA,NA
"78",1945-06-01,555.9,NA,NA,NA
"79",1945-07-01,542,NA,NA,NA
"80",1945-08-01,543.1,NA,NA,NA
"81",1945-09-01,530.6,NA,NA,NA
"82",1945-10-01,530,NA,NA,NA
"83",1945-11-01,549.1,NA,NA,NA
"84",1945-12-01,581.9,NA,NA,NA
"85",1946-01-01,596.5,NA,NA,NA
"86",1946-02-01,601.9,NA,NA,NA
"87",1946-03-01,600.7,NA,NA,NA
"88",1946-04-01,592.5,NA,NA,NA
"89",1946-05-01,571.3,NA,NA,NA
"90",1946-06-01,561.6,NA,NA,NA
"91",1946-07-01,556.1,NA,NA,NA
"92",1946-08-01,564.1,NA,NA,NA
"93",1946-09-01,578.5,NA,NA,NA
"94",1946-10-01,600.5,NA,NA,NA
"95",1946-11-01,632.9,NA,NA,NA
"96",1946-12-01,663.9,NA,NA,NA
"97",1947-01-01,678.7,NA,NA,NA
"98",1947-02-01,676.8,NA,NA,NA
"99",1947-03-01,672.9,NA,NA,NA
"100",1947-04-01,642.7,NA,NA,NA
"101",1947-05-01,621.2,NA,NA,NA
"102",1947-06-01,611.5,NA,NA,NA
"103",1947-07-01,593.4,NA,NA,NA
"104",1947-08-01,597.4,NA,NA,NA
"105",1947-09-01,609.5,NA,NA,NA
"106",1947-10-01,634.3,NA,NA,NA
"107",1947-11-01,661.3,NA,NA,NA
"108",1947-12-01,697,NA,NA,NA
"109",1948-01-01,705.8,NA,54.9,NA
"110",1948-02-01,702.3,NA,55,NA
"111",1948-03-01,693,NA,55.1,NA
"112",1948-04-01,672.6,NA,55.9,NA
"113",1948-05-01,639.9,NA,56.1,NA
"114",1948-06-01,627.6,NA,58,NA
"115",1948-07-01,612.1,NA,58.1,NA
"116",1948-08-01,612.2,NA,57.8,NA
"117",1948-09-01,625.9,NA,57.4,NA
"118",1948-10-01,641.6,NA,57.4,NA
"119",1948-11-01,665.4,NA,57,NA
"120",1948-12-01,696.1,NA,56.6,NA
"121",1949-01-01,703,NA,54.6,NA
"122",1949-02-01,703.4,NA,54.4,NA
"123",1949-03-01,700.7,NA,54.8,NA
"124",1949-04-01,676.9,NA,54.9,NA
"125",1949-05-01,637.8,NA,55.5,NA
"126",1949-06-01,619,NA,56,NA
"127",1949-07-01,603.8,NA,55.9,NA
"128",1949-08-01,609,NA,56.2,NA
"129",1949-09-01,621.8,NA,56,NA
"130",1949-10-01,639.9,NA,55.6,NA
"131",1949-11-01,664.8,NA,56.1,NA
"132",1949-12-01,707.3,NA,55.2,NA
"133",1950-01-01,711.1,NA,53.7,NA
"134",1950-02-01,718.6,NA,53.7,NA
"135",1950-03-01,717.7,NA,54.1,NA
"136",1950-04-01,710,NA,55.1,NA
"137",1950-05-01,682.3,NA,55.9,NA
"138",1950-06-01,674.5,NA,57.1,NA
"139",1950-07-01,662.4,NA,56.9,NA
"140",1950-08-01,677.4,NA,57.9,NA
"141",1950-09-01,689.1,NA,57.2,NA
"142",1950-10-01,704.9,NA,57.8,NA
"143",1950-11-01,730.8,NA,57.5,NA
"144",1950-12-01,774.2,NA,56.6,NA
"145",1951-01-01,778.5,NA,55.5,NA
"146",1951-02-01,789.6,NA,55.5,NA
"147",1951-03-01,790.3,NA,56.7,NA
"148",1951-04-01,771.4,NA,56.6,NA
"149",1951-05-01,741.1,NA,57.6,NA
"150",1951-06-01,730.2,NA,57.8,NA
"151",1951-07-01,713.6,NA,58.3,NA
"152",1951-08-01,719,NA,58.5,NA
"153",1951-09-01,728.8,NA,57.8,NA
"154",1951-10-01,749.3,NA,58.2,NA
"155",1951-11-01,779.9,NA,57.7,NA
"156",1951-12-01,824.9,NA,57.5,NA
"157",1952-01-01,829.5,NA,56.2,NA
"158",1952-02-01,837.8,NA,56.1,NA
"159",1952-03-01,838.1,NA,56.2,NA
"160",1952-04-01,822.1,NA,56.5,NA
"161",1952-05-01,788.7,NA,57.4,NA
"162",1952-06-01,778.7,NA,58,NA
"163",1952-07-01,763.3,NA,57.7,NA
"164",1952-08-01,766.8,NA,57.8,NA
"165",1952-09-01,778.5,NA,58,NA
"166",1952-10-01,798.5,NA,57.8,NA
"167",1952-11-01,828,NA,58.1,NA
"168",1952-12-01,875.7,NA,57.4,NA
"169",1953-01-01,883.1,NA,56.4,NA
"170",1953-02-01,886.9,NA,56.5,NA
"171",1953-03-01,880.9,NA,57,NA
"172",1953-04-01,863.2,NA,56.9,NA
"173",1953-05-01,831.3,NA,57.1,NA
"174",1953-06-01,816.7,NA,58.1,NA
"175",1953-07-01,800,NA,58.1,NA
"176",1953-08-01,804.5,NA,58.1,NA
"177",1953-09-01,813.4,NA,57.4,NA
"178",1953-10-01,834,NA,57.6,NA
"179",1953-11-01,867.6,NA,57,NA
"180",1953-12-01,904.5,NA,55.6,NA
"181",1954-01-01,909.2,NA,54.4,NA
"182",1954-02-01,913.3,NA,54.7,NA
"183",1954-03-01,907.4,NA,54.7,NA
"184",1954-04-01,900.9,NA,55.1,NA
"185",1954-05-01,865.2,NA,55.5,NA
"186",1954-06-01,845.1,NA,55.9,NA
"187",1954-07-01,832.5,NA,55.9,NA
"188",1954-08-01,839.6,NA,56.1,NA
"189",1954-09-01,851.8,NA,56.2,NA
"190",1954-10-01,870.1,NA,56.3,NA
"191",1954-11-01,905.3,NA,56,NA
"192",1954-12-01,952.1,NA,55.1,NA
"193",1955-01-01,961.1,NA,54.4,NA
"194",1955-02-01,973.5,NA,54.4,NA
"195",1955-03-01,980.2,NA,54.8,NA
"196",1955-04-01,968.2,NA,55.6,NA
"197",1955-05-01,940.9,NA,56.4,NA
"198",1955-06-01,932.7,NA,57,NA
"199",1955-07-01,919.9,NA,57.8,NA
"200",1955-08-01,931.6,NA,58.1,NA
"201",1955-09-01,947.5,NA,57.9,NA
"202",1955-10-01,972.2,NA,58.3,NA
"203",1955-11-01,1008.4,NA,57.9,NA
"204",1955-12-01,1055.3,NA,57.4,NA
"205",1956-01-01,1060.2,NA,56.2,NA
"206",1956-02-01,1071.2,NA,55.9,NA
"207",1956-03-01,1075.5,NA,56.2,NA
"208",1956-04-01,1059.7,NA,56.9,NA
"209",1956-05-01,1037.5,NA,57.8,NA
"210",1956-06-01,1027.3,NA,58.3,NA
"211",1956-07-01,1013.2,NA,58.5,NA
"212",1956-08-01,1022.1,NA,58.6,NA
"213",1956-09-01,1034.8,NA,58.3,NA
"214",1956-10-01,1063,NA,58.4,NA
"215",1956-11-01,1102.5,NA,57.7,NA
"216",1956-12-01,1153.6,NA,57,NA
"217",1957-01-01,1161.2,NA,55.5,NA
"218",1957-02-01,1172.1,NA,56,NA
"219",1957-03-01,1174.1,NA,56.5,NA
"220",1957-04-01,1161.7,NA,56.7,NA
"221",1957-05-01,1134.6,NA,57.3,NA
"222",1957-06-01,1123,NA,58.1,NA
"223",1957-07-01,1109.9,NA,58.5,NA
"224",1957-08-01,1113.6,NA,57.8,NA
"225",1957-09-01,1129.7,NA,57.5,NA
"226",1957-10-01,1148,NA,57.8,NA
"227",1957-11-01,1183,NA,56.8,NA
"228",1957-12-01,1221.6,NA,56.3,NA
"229",1958-01-01,1212.1,NA,54.4,NA
"230",1958-02-01,1206.2,NA,54.1,NA
"231",1958-03-01,1194.6,NA,54.3,NA
"232",1958-04-01,1179.8,NA,54.8,NA
"233",1958-05-01,1157.6,NA,55.6,NA
"234",1958-06-01,1147.5,NA,56,NA
"235",1958-07-01,1138.4,NA,56.1,NA
"236",1958-08-01,1148.6,NA,56.2,NA
"237",1958-09-01,1169.1,NA,55.9,NA
"238",1958-10-01,1191.5,NA,56.5,NA
"239",1958-11-01,1222.8,NA,55.9,NA
"240",1958-12-01,1258.4,NA,55.3,NA
"241",1959-01-01,1262.7,NA,54.2,NA
"242",1959-02-01,1274.8,NA,54.1,NA
"243",1959-03-01,1281.1,NA,54.9,NA
"244",1959-04-01,1276,NA,55.9,NA
"245",1959-05-01,1255.8,NA,56.5,NA
"246",1959-06-01,1246,NA,57.2,NA
"247",1959-07-01,1233.1,NA,57.3,NA
"248",1959-08-01,1239.9,NA,57,NA
"249",1959-09-01,1257,NA,56.6,NA
"250",1959-10-01,1281.5,NA,56.9,NA
"251",1959-11-01,1312.3,NA,56,NA
"252",1959-12-01,1356.4,NA,56,NA
"253",1960-01-01,1347.9,NA,54.4,NA
"254",1960-02-01,1353.8,NA,54.7,NA
"255",1960-03-01,1348.4,NA,54.4,NA
"256",1960-04-01,1346.4,NA,56,NA
"257",1960-05-01,1314.8,NA,56.7,NA
"258",1960-06-01,1295.4,NA,57.4,NA
"259",1960-07-01,1271.8,NA,57.3,NA
"260",1960-08-01,1273.1,NA,57.1,NA
"261",1960-09-01,1282.9,NA,56.9,NA
"262",1960-10-01,1303,NA,56.6,NA
"263",1960-11-01,1332.8,NA,56.3,NA
"264",1960-12-01,1376.9,NA,55.3,NA
"265",1961-01-01,1360.7,NA,54,NA
"266",1961-02-01,1362.5,NA,54,NA
"267",1961-03-01,1356,NA,54.7,NA
"268",1961-04-01,1338.9,NA,54.8,NA
"269",1961-05-01,1320,NA,55.5,NA
"270",1961-06-01,1306.3,NA,56.5,NA
"271",1961-07-01,1279.9,NA,56.3,NA
"272",1961-08-01,1286.3,NA,56.3,NA
"273",1961-09-01,1308.1,NA,55.4,NA
"274",1961-10-01,1329.9,NA,56,NA
"275",1961-11-01,1359.5,NA,55.7,NA
"276",1961-12-01,1398.6,NA,55,NA
"277",1962-01-01,1388.9,NA,53.8,NA
"278",1962-02-01,1400.9,NA,54.3,NA
"279",1962-03-01,1406.2,NA,54.8,NA
"280",1962-04-01,1396.7,NA,55.1,NA
"281",1962-05-01,1378.4,NA,56,NA
"282",1962-06-01,1372,NA,56.6,NA
"283",1962-07-01,1335.6,NA,56.5,NA
"284",1962-08-01,1341.7,NA,56.6,NA
"285",1962-09-01,1361.4,NA,56,NA
"286",1962-10-01,1393.8,NA,56.1,NA
"287",1962-11-01,1419.5,NA,55.4,NA
"288",1962-12-01,1458.2,NA,54.9,NA
"289",1963-01-01,1440.2,NA,53.7,NA
"290",1963-02-01,1445.8,NA,53.9,NA
"291",1963-03-01,1454.8,NA,54.4,NA
"292",1963-04-01,1446.6,NA,55.1,NA
"293",1963-05-01,1424.4,NA,55.7,NA
"294",1963-06-01,1421,NA,56.3,NA
"295",1963-07-01,1397.5,NA,56.5,NA
"296",1963-08-01,1408.1,NA,56.3,NA
"297",1963-09-01,1437.5,NA,55.8,NA
"298",1963-10-01,1462.8,NA,56.1,NA
"299",1963-11-01,1494.7,NA,55.6,NA
"300",1963-12-01,1534.6,NA,55,NA
"301",1964-01-01,1526.1,NA,53.8,NA
"302",1964-02-01,1534,NA,54.3,NA
"303",1964-03-01,1534.9,NA,54.7,NA
"304",1964-04-01,1523.1,NA,55.6,NA
"305",1964-05-01,1504.2,NA,56.3,NA
"306",1964-06-01,1500.2,NA,56.6,NA
"307",1964-07-01,1471.4,NA,56.9,NA
"308",1964-08-01,1483.2,NA,56.7,NA
"309",1964-09-01,1506.9,NA,55.9,NA
"310",1964-10-01,1538.4,NA,56.1,NA
"311",1964-11-01,1573.4,NA,55.8,NA
"312",1964-12-01,1622.1,NA,55.4,NA
"313",1965-01-01,1617.5,NA,54.3,NA
"314",1965-02-01,1631.1,NA,54.6,NA
"315",1965-03-01,1633.3,NA,55.1,NA
"316",1965-04-01,1618.8,NA,55.7,NA
"317",1965-05-01,1598.7,NA,56.4,NA
"318",1965-06-01,1585.8,NA,57.1,NA
"319",1965-07-01,1565.5,NA,57.7,NA
"320",1965-08-01,1572.6,NA,57.4,NA
"321",1965-09-01,1595.3,NA,56.3,NA
"322",1965-10-01,1628.9,NA,56.8,NA
"323",1965-11-01,1666.8,NA,56.5,NA
"324",1965-12-01,1715.2,NA,56.4,NA
"325",1966-01-01,1708.3,NA,55.2,NA
"326",1966-02-01,1722.8,NA,55.4,NA
"327",1966-03-01,1737.7,NA,55.7,NA
"328",1966-04-01,1723.9,NA,56.4,NA
"329",1966-05-01,1710.3,NA,56.8,NA
"330",1966-06-01,1711,NA,57.8,NA
"331",1966-07-01,1678.1,NA,58.3,NA
"332",1966-08-01,1679.1,NA,58.2,NA
"333",1966-09-01,1717.2,NA,57.1,NA
"334",1966-10-01,1736.5,NA,57.4,NA
"335",1966-11-01,1773.6,NA,57.5,NA
"336",1966-12-01,1822.6,NA,57.2,NA
"337",1967-01-01,1814.1,NA,56,NA
"338",1967-02-01,1822.7,NA,56.2,NA
"339",1967-03-01,1831.2,NA,56.2,NA
"340",1967-04-01,1818.3,NA,56.8,NA
"341",1967-05-01,1801.7,NA,56.9,NA
"342",1967-06-01,1792.8,NA,58.1,NA
"343",1967-07-01,1762,NA,58.7,NA
"344",1967-08-01,1771.1,NA,58.5,NA
"345",1967-09-01,1795.6,NA,57.2,NA
"346",1967-10-01,1818.8,NA,57.6,NA
"347",1967-11-01,1858.4,NA,57.5,NA
"348",1967-12-01,1910,NA,57.5,NA
"349",1968-01-01,1902.4,NA,55.9,NA
"350",1968-02-01,1917.1,NA,56.5,NA
"351",1968-03-01,1923.1,NA,56.7,NA
"352",1968-04-01,1922.6,NA,57.1,NA
"353",1968-05-01,1907.8,NA,57.6,NA
"354",1968-06-01,1913.9,NA,58.6,NA
"355",1968-07-01,1882.8,NA,58.9,NA
"356",1968-08-01,1896.7,NA,58.5,NA
"357",1968-09-01,1922.8,NA,57.3,NA
"358",1968-10-01,1950,NA,57.6,NA
"359",1968-11-01,1996.6,NA,57.6,NA
"360",1968-12-01,2052.1,NA,57.6,NA
"361",1969-01-01,2051.3,NA,56.5,NA
"362",1969-02-01,2064.9,NA,57.1,NA
"363",1969-03-01,2076.3,NA,57.3,NA
"364",1969-04-01,2065.8,NA,57.6,NA
"365",1969-05-01,2059.8,NA,57.6,NA
"366",1969-06-01,2060.3,NA,58.8,NA
"367",1969-07-01,2007.2,NA,59.2,NA
"368",1969-08-01,2016.9,NA,59.2,NA
"369",1969-09-01,2056.4,NA,57.9,NA
"370",1969-10-01,2086.3,NA,58.3,NA
"371",1969-11-01,2121.6,NA,58.2,NA
"372",1969-12-01,2171.8,NA,58.2,NA
"373",1970-01-01,2172.8,NA,57,NA
"374",1970-02-01,2182.2,NA,57,NA
"375",1970-03-01,2188,NA,57.2,NA
"376",1970-04-01,2176.7,NA,57.5,NA
"377",1970-05-01,2153.9,NA,57.3,NA
"378",1970-06-01,2144.7,NA,58,NA
"379",1970-07-01,2089.4,NA,58.6,NA
"380",1970-08-01,2086.1,NA,58.2,NA
"381",1970-09-01,2119.7,NA,56.9,NA
"382",1970-10-01,2134.4,NA,57.3,NA
"383",1970-11-01,2165.8,NA,57,NA
"384",1970-12-01,2211.4,NA,56.8,NA
"385",1971-01-01,2208.3,NA,55.8,NA
"386",1971-02-01,2227.7,NA,55.7,NA
"387",1971-03-01,2250.7,NA,55.8,NA
"388",1971-04-01,2254.6,NA,56.2,NA
"389",1971-05-01,2249.2,NA,56.4,NA
"390",1971-06-01,2256.5,NA,56.9,NA
"391",1971-07-01,2229.2,NA,57.7,NA
"392",1971-08-01,2240.4,NA,57.5,NA
"393",1971-09-01,2292.5,NA,56.5,NA
"394",1971-10-01,2318.7,NA,56.9,NA
"395",1971-11-01,2363.9,NA,57,NA
"396",1971-12-01,2423.4,NA,56.8,NA
"397",1972-01-01,2419.6,NA,55.7,NA
"398",1972-02-01,2442.5,NA,55.8,NA
"399",1972-03-01,2478.9,NA,56.2,NA
"400",1972-04-01,2492.7,NA,56.5,NA
"401",1972-05-01,2491.1,NA,56.8,NA
"402",1972-06-01,2503.9,NA,57.7,NA
"403",1972-07-01,2449.5,NA,58.2,NA
"404",1972-08-01,2466.3,NA,58.1,NA
"405",1972-09-01,2518.9,NA,57,NA
"406",1972-10-01,2579.6,NA,57.4,NA
"407",1972-11-01,2626.3,NA,57.3,NA
"408",1972-12-01,2688.2,NA,57.4,NA
"409",1973-01-01,2690,NA,56,NA
"410",1973-02-01,2721.7,NA,56.5,NA
"411",1973-03-01,2762.2,NA,57,NA
"412",1973-04-01,2760,NA,57.3,NA
"413",1973-05-01,2765.9,NA,57.5,NA
"414",1973-06-01,2785.5,NA,58.7,NA
"415",1973-07-01,2745.5,NA,59.1,NA
"416",1973-08-01,2765.8,NA,58.7,NA
"417",1973-09-01,2788,NA,57.9,NA
"418",1973-10-01,2813.6,NA,58.6,NA
"419",1973-11-01,2856.3,NA,58.4,NA
"420",1973-12-01,2888.4,NA,58.2,NA
"421",1974-01-01,2854.8,NA,57,NA
"422",1974-02-01,2870.4,NA,57.1,NA
"423",1974-03-01,2890.6,NA,57.4,NA
"424",1974-04-01,2901,NA,57.5,NA
"425",1974-05-01,2900.1,NA,57.8,NA
"426",1974-06-01,2896.5,NA,58.7,NA
"427",1974-07-01,2846.6,NA,59.2,NA
"428",1974-08-01,2836.6,NA,58.8,NA
"429",1974-09-01,2850.4,NA,57.8,NA
"430",1974-10-01,2837,NA,58.1,NA
"431",1974-11-01,2837.4,NA,57.4,NA
"432",1974-12-01,2844.5,NA,56.9,NA
"433",1975-01-01,2803.3,NA,55.3,NA
"434",1975-02-01,2794.2,NA,55,NA
"435",1975-03-01,2798.2,NA,55.2,NA
"436",1975-04-01,2782.6,NA,55.5,NA
"437",1975-05-01,2769.7,NA,55.8,NA
"438",1975-06-01,2755.4,NA,56.5,NA
"439",1975-07-01,2680.3,NA,57.2,NA
"440",1975-08-01,2680.6,NA,57.1,NA
"441",1975-09-01,2699,NA,56.2,NA
"442",1975-10-01,2701.6,NA,56.6,NA
"443",1975-11-01,2725.2,NA,56.2,NA
"444",1975-12-01,2766.1,NA,56.1,NA
"445",1976-01-01,2765.5,3515001,55.3,NA
"446",1976-02-01,2782.7,3532354,55.4,NA
"447",1976-03-01,2808.9,3543627,55.9,NA
"448",1976-04-01,2798,3556268,56.4,NA
"449",1976-05-01,2784.2,3559671,56.8,NA
"450",1976-06-01,2775.8,3655715,57.5,NA
"451",1976-07-01,2738.9,3702995,58.2,NA
"452",1976-08-01,2741.6,3688625,57.9,NA
"453",1976-09-01,2766.3,3623959,56.9,NA
"454",1976-10-01,2777.6,3630623,57.4,NA
"455",1976-11-01,2811.9,3609550,57.2,NA
"456",1976-12-01,2860.4,3609332,57.1,NA
"457",1977-01-01,2844.7,3555061,55.9,NA
"458",1977-02-01,2875,3571271,56.1,NA
"459",1977-03-01,2912.1,3611372,56.7,NA
"460",1977-04-01,2921.8,3632638,57.2,NA
"461",1977-05-01,2912.6,3667357,57.7,NA
"462",1977-06-01,2917.1,3776337,58.6,NA
"463",1977-07-01,2901.1,3798303,59,NA
"464",1977-08-01,2912.9,3808634,58.9,NA
"465",1977-09-01,2944.9,3786622,58.1,NA
"466",1977-10-01,2966.8,3815715,58.6,NA
"467",1977-11-01,3018.1,3830092,58.7,NA
"468",1977-12-01,3073.8,3837541,58.7,NA
"469",1978-01-01,3077.5,3798470,57.7,NA
"470",1978-02-01,3125.2,3810632,57.7,NA
"471",1978-03-01,3173.5,3845488,58.1,NA
"472",1978-04-01,3163,3873134,58.8,NA
"473",1978-05-01,3162.4,3907354,59.1,NA
"474",1978-06-01,3190.9,4033241,60.3,NA
"475",1978-07-01,3134.2,4058858,60.4,NA
"476",1978-08-01,3152.6,4052627,60.3,NA
"477",1978-09-01,3181.9,4028023,59.6,NA
"478",1978-10-01,3218.1,4055205,60.1,NA
"479",1978-11-01,3265.9,4039973,60,NA
"480",1978-12-01,3321.9,4046441,59.8,NA
"481",1979-01-01,3307.1,4010596,58.8,NA
"482",1979-02-01,3327.1,4037534,59,NA
"483",1979-03-01,3375.9,4071081,59.3,NA
"484",1979-04-01,3375.7,4050327,59.4,NA
"485",1979-05-01,3369,4073883,59.6,NA
"486",1979-06-01,3385.7,4177321,60.6,NA
"487",1979-07-01,3316.6,4239894,61.1,NA
"488",1979-08-01,3335.5,4211391,60.6,NA
"489",1979-09-01,3376,4203741,60.2,NA
"490",1979-10-01,3421.4,4205726,60.4,NA
"491",1979-11-01,3470.2,4162642,60.2,NA
"492",1979-12-01,3514.4,4184888,60.1,NA
"493",1980-01-01,3515.7,4137118,58.9,NA
"494",1980-02-01,3563.1,4155973,58.9,NA
"495",1980-03-01,3590,4176885,59,NA
"496",1980-04-01,3574.9,4180938,59,NA
"497",1980-05-01,3567.3,4219456,59,NA
"498",1980-06-01,3564.7,4297859,59.5,NA
"499",1980-07-01,3513.4,4364855,59.9,NA
"500",1980-08-01,3524.1,4359842,59.6,NA
"501",1980-09-01,3560.9,4349735,59,NA
"502",1980-10-01,3604.6,4365338,59.3,NA
"503",1980-11-01,3639.5,4347661,59.2,NA
"504",1980-12-01,3695.6,4336488,59,NA
"505",1981-01-01,3676.5,4326478,58,NA
"506",1981-02-01,3719.4,4346334,58.1,NA
"507",1981-03-01,3757.1,4422433,58.6,NA
"508",1981-04-01,3760.9,4472660,59.2,NA
"509",1981-05-01,3754.2,4540649,59.4,NA
"510",1981-06-01,3758.9,4570113,59.6,NA
"511",1981-07-01,3687.9,4646574,60.3,NA
"512",1981-08-01,3674.1,4641577,59.9,NA
"513",1981-09-01,3725.7,4587528,58.8,NA
"514",1981-10-01,3746.5,4616745,59.1,NA
"515",1981-11-01,3765.2,4595953,58.8,NA
"516",1981-12-01,3805,4562063,58.2,NA
"517",1982-01-01,3771.9,4517569,57.1,NA
"518",1982-02-01,3789.3,4561685,57.1,NA
"519",1982-03-01,3819.1,4607784,57.4,NA
"520",1982-04-01,3801.9,4629204,57.5,NA
"521",1982-05-01,3776.9,4727211,58.1,NA
"522",1982-06-01,3763,4779422,58.5,NA
"523",1982-07-01,3691.4,4854594,58.9,NA
"524",1982-08-01,3688.3,4861514,58.6,NA
"525",1982-09-01,3713.8,4834868,57.8,NA
"526",1982-10-01,3738.6,4813889,57.7,NA
"527",1982-11-01,3768.9,4796036,57.4,NA
"528",1982-12-01,3819.4,4769712,57.1,NA
"529",1983-01-01,3788.6,4720739,56.1,NA
"530",1983-02-01,3816.1,4725664,56.1,NA
"531",1983-03-01,3856.2,4758338,56.4,NA
"532",1983-04-01,3881.3,4774750,56.9,NA
"533",1983-05-01,3882.9,4835597,57.2,NA
"534",1983-06-01,3894.6,4992569,58.5,NA
"535",1983-07-01,3855.6,5071694,59.2,NA
"536",1983-08-01,3852.3,5090303,59.1,NA
"537",1983-09-01,3939.3,5063308,58.6,NA
"538",1983-10-01,3978.5,5034388,58.7,NA
"539",1983-11-01,4029.3,5037317,58.9,NA
"540",1983-12-01,4090.2,5024707,58.7,NA
"541",1984-01-01,4091.8,4958331,57.7,NA
"542",1984-02-01,4125.3,4994492,58,NA
"543",1984-03-01,4185.1,5030748,58.5,NA
"544",1984-04-01,4185.8,5062418,58.9,NA
"545",1984-05-01,4196.7,5156966,59.7,NA
"546",1984-06-01,4208.6,5243709,60.6,NA
"547",1984-07-01,4146.8,5296695,60.9,NA
"548",1984-08-01,4156,5261161,60.4,NA
"549",1984-09-01,4223.9,5244264,59.8,NA
"550",1984-10-01,4253.5,5238039,60,NA
"551",1984-11-01,4312.8,5223747,60,NA
"552",1984-12-01,4364.2,5229044,59.8,NA
"553",1985-01-01,4336.6,5194357,58.8,NA
"554",1985-02-01,4365.7,5212328,59,NA
"555",1985-03-01,4415.4,5279655,59.5,NA
"556",1985-04-01,4409,5278818,59.7,NA
"557",1985-05-01,4415.5,5326741,60.1,NA
"558",1985-06-01,4410.6,5367572,60.5,NA
"559",1985-07-01,4337.5,5437434,61.1,NA
"560",1985-08-01,4350.6,5426438,60.9,NA
"561",1985-09-01,4400,5415504,60.4,NA
"562",1985-10-01,4441.5,5404791,60.7,NA
"563",1985-11-01,4495.3,5384164,60.5,NA
"564",1985-12-01,4542.4,5384077,60.3,NA
"565",1986-01-01,4512.2,5368639,59.5,NA
"566",1986-02-01,4547.3,5372979,59.3,NA
"567",1986-03-01,4589.5,5446019,59.8,NA
"568",1986-04-01,4585.4,5463630,60.1,NA
"569",1986-05-01,4592.8,5548694,60.5,NA
"570",1986-06-01,4583.5,5658540,61.4,NA
"571",1986-07-01,4521.6,5725697,61.9,NA
"572",1986-08-01,4543.2,5723954,61.7,NA
"573",1986-09-01,4600.3,5699137,60.9,NA
"574",1986-10-01,4650.5,5703076,61.2,NA
"575",1986-11-01,4707.1,5698822,61.1,NA
"576",1986-12-01,4759.5,5682781,60.9,NA
"577",1987-01-01,4727.3,5648779,60,NA
"578",1987-02-01,4771.7,5679495,60.1,NA
"579",1987-03-01,4822.3,5731117,60.5,NA
"580",1987-04-01,4831.2,5748402,60.9,NA
"581",1987-05-01,4836.5,5858859,61.6,NA
"582",1987-06-01,4844.1,5897807,62.1,NA
"583",1987-07-01,4788.3,5984398,62.7,NA
"584",1987-08-01,4790.2,5991980,62.6,NA
"585",1987-09-01,4863.6,5933657,61.7,NA
"586",1987-10-01,4915.7,5957416,62.1,NA
"587",1987-11-01,4965.9,5943933,62,NA
"588",1987-12-01,5020.4,5942585,61.9,NA
"589",1988-01-01,4948.8,5910323,61,11786
"590",1988-02-01,5008.4,5928674,61.1,12243
"591",1988-03-01,5061.4,5948674,61.3,15721
"592",1988-04-01,5044.6,5982921,61.8,13935
"593",1988-05-01,5049.1,6019758,62,14918
"594",1988-06-01,5057.3,6104180,63,19255
"595",1988-07-01,4979.4,6158389,63.4,13523
"596",1988-08-01,4988.9,6155399,63.2,15656
"597",1988-09-01,5086,6111599,62.4,14614
"598",1988-10-01,5121.6,6123418,62.8,13578
"599",1988-11-01,5209.2,6118046,62.8,13239
"600",1988-12-01,5244.3,6090521,62.6,12911
"601",1989-01-01,5166.9,6079940,61.8,13582
"602",1989-02-01,5226.5,6082307,61.9,13404
"603",1989-03-01,5279.3,6128087,62.3,14163
"604",1989-04-01,5246.5,6147448,62.5,14593
"605",1989-05-01,5256.2,6214503,62.9,17165
"606",1989-06-01,5267.4,6303622,63.7,17454
"607",1989-07-01,5171.3,6354740,64.1,11756
"608",1989-08-01,5190.4,6350241,63.8,13657
"609",1989-09-01,5272.6,6292329,62.9,12393
"610",1989-10-01,5286.6,6305167,63.2,12754
"611",1989-11-01,5352.5,6308106,63.2,11483
"612",1989-12-01,5414.2,6286433,62.9,11279
"613",1990-01-01,5313.9,6306783,62.1,14982
"614",1990-02-01,5372.1,6329294,62.2,9318
"615",1990-03-01,5426.9,6386601,62.5,12228
"616",1990-04-01,5393.8,6387470,62.6,12314
"617",1990-05-01,5405.4,6479994,63.1,11836
"618",1990-06-01,5397.1,6541983,63.7,12078
"619",1990-07-01,5279,6588035,63.9,11113
"620",1990-08-01,5286.4,6569222,63.4,10667
"621",1990-09-01,5337.6,6522695,62.7,8700
"622",1990-10-01,5348.2,6513603,62.8,8622
"623",1990-11-01,5388.5,6477645,62.4,8592
"624",1990-12-01,5410.4,6466701,62.2,6933
"625",1991-01-01,5281.6,6391717,60.9,7141
"626",1991-02-01,5302.8,6416935,60.9,7025
"627",1991-03-01,5335.2,6451803,61.2,7485
"628",1991-04-01,5296.5,6491712,61.7,8697
"629",1991-05-01,5297.8,6524255,61.6,9986
"630",1991-06-01,5273.8,6620536,62.4,9773
"631",1991-07-01,5172.4,6656717,62.7,9372
"632",1991-08-01,5186.4,6604105,62.1,8063
"633",1991-09-01,5239.6,6600112,61.8,7246
"634",1991-10-01,5251.2,6573777,61.8,7440
"635",1991-11-01,5311.5,6535535,61.6,6378
"636",1991-12-01,5336.8,6521945,61.2,8458
"637",1992-01-01,5256.3,6513979,60.4,7555
"638",1992-02-01,5291.6,6529280,60.4,6974
"639",1992-03-01,5369.5,6576238,60.8,9707
"640",1992-04-01,5335.9,6584319,61.2,8870
"641",1992-05-01,5342.2,6653745,61.5,8093
"642",1992-06-01,5332.1,6745191,62.2,9776
"643",1992-07-01,5245.6,6816192,62.6,9853
"644",1992-08-01,5236.1,6778195,62.2,8009
"645",1992-09-01,5324.3,6727612,61.5,8689
"646",1992-10-01,5377,6658236,61.6,8972
"647",1992-11-01,5440.7,6655941,61.5,7337
"648",1992-12-01,5495,6646408,61.4,8887
"649",1993-01-01,5412.9,6580427,60.3,7438
"650",1993-02-01,5486,6618737,60.6,8604
"651",1993-03-01,5536,6655523,60.9,9810
"652",1993-04-01,5565.4,6638502,61.1,10226
"653",1993-05-01,5558.4,6761918,61.8,10893
"654",1993-06-01,5558.6,6842082,62.4,11052
"655",1993-07-01,5470.6,6896081,62.8,10118
"656",1993-08-01,5469.7,6878348,62.6,10119
"657",1993-09-01,5553.8,6795957,61.8,11517
"658",1993-10-01,5603.1,6807339,62.1,8940
"659",1993-11-01,5656.6,6798623,62.1,9333
"660",1993-12-01,5721,6804877,62.1,12875
"661",1994-01-01,5635.3,6792269,61.2,10758
"662",1994-02-01,5702.4,6822861,61.5,9225
"663",1994-03-01,5765.6,6835214,61.6,11376
"664",1994-04-01,5776.4,6843969,61.9,10105
"665",1994-05-01,5779.1,6950169,62.6,10795
"666",1994-06-01,5783.7,6980684,63,11368
"667",1994-07-01,5685.6,7032682,63.2,11632
"668",1994-08-01,5690.7,7049419,63.2,13023
"669",1994-09-01,5805.1,7015814,62.8,11132
"670",1994-10-01,5813.4,7029419,63.2,10059
"671",1994-11-01,5924.2,7024005,63.2,9404
"672",1994-12-01,5956.7,6993637,63.1,9600
"673",1995-01-01,5859,6927578,62,9940
"674",1995-02-01,5932.9,6948082,62.3,8166
"675",1995-03-01,5996.1,6987574,62.6,10677
"676",1995-04-01,5963.1,6994986,62.7,9686
"677",1995-05-01,5977.8,7024431,62.8,10038
"678",1995-06-01,5979.6,7078538,63.4,11208
"679",1995-07-01,5854.3,7158083,63.7,10101
"680",1995-08-01,5869.4,7119325,63.3,10577
"681",1995-09-01,5986.4,7101913,62.9,13539
"682",1995-10-01,6003,7109775,63.2,9266
"683",1995-11-01,6090.8,7070474,63,9891
"684",1995-12-01,6158.6,7033050,62.7,9668
"685",1996-01-01,6032.1,6964564,61.7,9743
"686",1996-02-01,6108.1,7020005,62.1,9376
"687",1996-03-01,6198,7081351,62.5,9856
"688",1996-04-01,6137.1,7057365,62.7,11069
"689",1996-05-01,6156.6,7154212,63.1,11174
"690",1996-06-01,6146.5,7194962,63.7,10603
"691",1996-07-01,6039.1,7289198,64.1,10904
"692",1996-08-01,6067.6,7254868,63.8,11889
"693",1996-09-01,6176,7260529,63.4,11280
"694",1996-10-01,6206,7278922,63.8,9895
"695",1996-11-01,6287.7,7250087,63.6,9088
"696",1996-12-01,6354.6,7233807,63.4,8798
"697",1997-01-01,6262.3,7180019,62.5,9863
"698",1997-02-01,6318.3,7198473,62.7,9209
"699",1997-03-01,6377.8,7294144,63.3,12207
"700",1997-04-01,6378.1,7282713,63.5,11212
"701",1997-05-01,6395.1,7373448,63.9,11185
"702",1997-06-01,6389.4,7413841,64.3,11798
"703",1997-07-01,6291.9,7488458,64.7,12561
"704",1997-08-01,6315.9,7474915,64.4,10272
"705",1997-09-01,6432.9,7438212,63.8,11785
"706",1997-10-01,6458.9,7416094,64.1,12103
"707",1997-11-01,6521.5,7429502,64.2,8517
"708",1997-12-01,6598.1,7427507,64.1,9662
"709",1998-01-01,6504.6,7373042,63.1,10712
"710",1998-02-01,6564.2,7402977,63.3,9713
"711",1998-03-01,6614.3,7462157,63.6,12284
"712",1998-04-01,6584.1,7436311,63.9,11447
"713",1998-05-01,6594.2,7518689,64.2,11512
"714",1998-06-01,6604,7552609,64.5,12980
"715",1998-07-01,6504,7607662,64.7,13653
"716",1998-08-01,6506.9,7572299,64.3,14307
"717",1998-09-01,6616,7590889,64.1,11272
"718",1998-10-01,6676.8,7581680,64.3,13640
"719",1998-11-01,6744.1,7574454,64.3,12027
"720",1998-12-01,6817.8,7584848,64.3,11306
"721",1999-01-01,6678.4,7550069,63.5,13679
"722",1999-02-01,6757.8,7569562,63.6,12537
"723",1999-03-01,6810.7,7603603,63.9,14188
"724",1999-04-01,6794.1,7578946,64,13367
"725",1999-05-01,6801.1,7658866,64.3,11654
"726",1999-06-01,6814.7,7699497,64.7,14802
"727",1999-07-01,6680.8,7734558,64.9,14136
"728",1999-08-01,6691.4,7702352,64.5,15342
"729",1999-09-01,6791.2,7688013,64.1,12113
"730",1999-10-01,6847.9,7691731,64.5,13700
"731",1999-11-01,6930.3,7695518,64.5,10697
"732",1999-12-01,7013.2,7713184,64.5,14214
"733",2000-01-01,6904.1,7718036,63.8,11268
"734",2000-02-01,6966.4,7758752,64,11147
"735",2000-03-01,7045.9,7800137,64.2,12627
"736",2000-04-01,7029.9,7809886,64.6,10750
"737",2000-05-01,7063.7,7825869,64.4,13635
"738",2000-06-01,7014,7885467,64.9,15448
"739",2000-07-01,6948,7895992,64.8,11506
"740",2000-08-01,7054.1,7922031,64.5,13266
"741",2000-09-01,7089.2,7906738,64.2,12421
"742",2000-10-01,7102.4,7903688,64.4,12429
"743",2000-11-01,7181.1,7898634,64.4,12346
"744",2000-12-01,7246.4,7957508,64.5,11556
"745",2001-01-01,7082.3,7956239,63.7,12487
"746",2001-02-01,7153.8,7979168,63.8,11151
"747",2001-03-01,7215.8,8044166,64,16146
"748",2001-04-01,7180.2,8013365,63.9,12406
"749",2001-05-01,7184.6,8041216,63.9,16902
"750",2001-06-01,7120.8,8065438,64.1,13561
"751",2001-07-01,7031.4,8112520,64.2,14643
"752",2001-08-01,7132.3,8057043,63.5,16116
"753",2001-09-01,7133.1,8112578,63.4,12385
"754",2001-10-01,7123.9,8063401,63.4,11898
"755",2001-11-01,7172.1,8029874,63.1,13383
"756",2001-12-01,7213.2,8049559,63,13202
"757",2002-01-01,7074.3,7973167,62,15347
"758",2002-02-01,7130.4,8062297,62.5,15555
"759",2002-03-01,7192.1,8069414,62.5,14756
"760",2002-04-01,7171.4,8053556,62.6,13951
"761",2002-05-01,7183.1,8111647,62.9,14407
"762",2002-06-01,7101.5,8128877,63.1,16181
"763",2002-07-01,7021.9,8161313,63.2,16840
"764",2002-08-01,7127.9,8175094,63,16602
"765",2002-09-01,7139.6,8219085,63,12896
"766",2002-10-01,7169,8179472,63,17068
"767",2002-11-01,7237.6,8111399,62.5,13028
"768",2002-12-01,7295.6,8127589,62.4,13952
"769",2003-01-01,7161.7,8111784,61.8,14836
"770",2003-02-01,7217.3,8136489,62,15080
"771",2003-03-01,7272.7,8155192,62.1,15644
"772",2003-04-01,7247.4,8160925,62.3,16885
"773",2003-05-01,7251.7,8196572,62.3,19376
"774",2003-06-01,7169.4,8253636,62.7,17865
"775",2003-07-01,7101.8,8243206,62.6,17206
"776",2003-08-01,7201.8,8238790,62.4,18739
"777",2003-09-01,7222.7,8248601,62.1,16349
"778",2003-10-01,7268,8258354,62.4,19682
"779",2003-11-01,7315.9,8266747,62.4,13293
"780",2003-12-01,7387.9,8258053,62.3,18626
"781",2004-01-01,7316.5,8268302,61.6,17131
"782",2004-02-01,7389.1,8296237,61.8,19452
"783",2004-03-01,7455.1,8334461,61.9,19876
"784",2004-04-01,7491.6,8338900,62.1,21360
"785",2004-05-01,7496.2,8399106,62.3,22240
"786",2004-06-01,7428.6,8458578,62.7,22621
"787",2004-07-01,7390,8529973,63,22554
"788",2004-08-01,7477.1,8499503,62.7,20028
"789",2004-09-01,7455,8507718,62.4,17595
"790",2004-10-01,7538.9,8540067,62.6,22739
"791",2004-11-01,7640.8,8559151,62.6,17477
"792",2004-12-01,7720.4,8553144,62.4,18974
"793",2005-01-01,7605.1,8504159,61.7,20519
"794",2005-02-01,7688.7,8538416,61.8,20176
"795",2005-03-01,7735.3,8577972,62,25177
"796",2005-04-01,7778.3,8632558,62.5,25394
"797",2005-05-01,7796.2,8707721,62.7,22529
"798",2005-06-01,7702,8741295,63.1,26561
"799",2005-07-01,7681.5,8816766,63.4,23529
"800",2005-08-01,7798,8820945,63.2,26831
"801",2005-09-01,7843.5,8833638,62.9,26167
"802",2005-10-01,7850.2,8843571,63.2,20480
"803",2005-11-01,7924.6,8824572,62.9,19308
"804",2005-12-01,7997.8,8810015,62.8,20176
"805",2006-01-01,7865.2,8774375,62.2,21067
"806",2006-02-01,7940.6,8817866,62.3,22281
"807",2006-03-01,8021,8874159,62.6,25024
"808",2006-04-01,8001.4,8887099,62.8,19498
"809",2006-05-01,8019.1,8968901,63.1,19734
"810",2006-06-01,7934.1,9030077,63.5,18305
"811",2006-07-01,7860.8,9082896,63.6,16206
"812",2006-08-01,7977.1,9086078,63.4,16485
"813",2006-09-01,7993.4,9100602,63.2,12359
"814",2006-10-01,7995.6,9119796,63.6,12902
"815",2006-11-01,8079,9122141,63.5,10776
"816",2006-12-01,8135.9,9138448,63.5,9982
"817",2007-01-01,7994,9078520,62.6,10064
"818",2007-02-01,8061.3,9077421,62.6,10271
"819",2007-03-01,8125.6,9129235,62.9,12202
"820",2007-04-01,8077.4,9087659,62.8,10469
"821",2007-05-01,8071.9,9144896,63,10857
"822",2007-06-01,7963.6,9198162,63.4,9910
"823",2007-07-01,7854.6,9239296,63.5,8591
"824",2007-08-01,7953.2,9167032,63,8832
"825",2007-09-01,7940.4,9215280,63,6358
"826",2007-10-01,7929.7,9179249,63.1,6594
"827",2007-11-01,8002.5,9200453,63.2,5753
"828",2007-12-01,8035.5,9168288,62.8,5825
"829",2008-01-01,7853.2,9147940,62.2,7314
"830",2008-02-01,7909.9,9115842,62.1,5870
"831",2008-03-01,7931.3,9163443,62.3,5328
"832",2008-04-01,7847.6,9170544,62.6,6294
"833",2008-05-01,7816.4,9224844,62.5,5454
"834",2008-06-01,7675.1,9251174,62.8,6562
"835",2008-07-01,7564.9,9312115,62.8,4887
"836",2008-08-01,7638.9,9273966,62.3,5825
"837",2008-09-01,7610.7,9280107,62,5245
"838",2008-10-01,7582.2,9271872,62,3634
"839",2008-11-01,7589.6,9210743,61.6,3052
"840",2008-12-01,7588.7,9163693,61,3178
"841",2009-01-01,7379.7,9093478,59.8,2849
"842",2009-02-01,7380.2,9095863,59.6,3478
"843",2009-03-01,7375,9087718,59.5,3260
"844",2009-04-01,7326.9,9100085,59.8,2281
"845",2009-05-01,7287.4,9134284,59.6,2405
"846",2009-06-01,7154.9,9146433,59.8,3597
"847",2009-07-01,7065.7,9183979,59.8,3026
"848",2009-08-01,7132.6,9127618,59.3,2802
"849",2009-09-01,7127.8,9095377,58.9,3040
"850",2009-10-01,7152.8,9053870,58.8,2881
"851",2009-11-01,7206.8,9041671,58.8,3002
"852",2009-12-01,7226.2,8977512,58.2,3495
"853",2010-01-01,7096.4,9020311,57.8,3818
"854",2010-02-01,7148.2,9054241,57.9,3324
"855",2010-03-01,7195.5,9114245,58.2,4358
"856",2010-04-01,7215.2,9208161,58.7,3743
"857",2010-05-01,7239.1,9226168,58.7,2964
"858",2010-06-01,7117.5,9221234,58.9,3289
"859",2010-07-01,7060.4,9290269,58.9,2894
"860",2010-08-01,7145.2,9316229,58.8,3196
"861",2010-09-01,7135.9,9328747,58.6,2772
"862",2010-10-01,7199.5,9267201,58.6,2630
"863",2010-11-01,7260.2,9261907,58.4,2710
"864",2010-12-01,7289.2,9236076,58.3,3038
"865",2011-01-01,7175.7,9209683,57.6,3039
"866",2011-02-01,7227.1,9209965,57.8,2903
"867",2011-03-01,7274,9261129,58.1,4229
"868",2011-04-01,7311.1,9260364,58.4,3214
"869",2011-05-01,7280.9,9329251,58.5,3334
"870",2011-06-01,7166.9,9302716,58.5,3872
"871",2011-07-01,7129.1,9336098,58.6,4149
"872",2011-08-01,7214.6,9337996,58.5,4173
"873",2011-09-01,7242.2,9390032,58.5,3541
"874",2011-10-01,7283.8,9348735,58.7,3418
"875",2011-11-01,7359.7,9315528,58.7,3844
"876",2011-12-01,7392.9,9305007,58.5,3961
"877",2012-01-01,7285.4,9238253,57.8,4676
"878",2012-02-01,7348.2,9275856,58,3625
"879",2012-03-01,7408.3,9313451,58.3,5424
"880",2012-04-01,7427.4,9310788,58.5,4544
"881",2012-05-01,7417.5,9426566,58.7,5276
"882",2012-06-01,7323.2,9436133,58.9,5267
"883",2012-07-01,7268.9,9441462,58.8,5154
"884",2012-08-01,7366.7,9390314,58.5,6135
"885",2012-09-01,7383.1,9481718,58.8,8063
"886",2012-10-01,7455.5,9482296,59,5327
"887",2012-11-01,7544.2,9401862,58.8,5499
"888",2012-12-01,7569.1,9397211,58.5,4854
"889",2013-01-01,7446.3,9385611,57.9,6357
"890",2013-02-01,7523.4,9363058,58.1,6887
"891",2013-03-01,7577.1,9369613,58.2,7789
"892",2013-04-01,7587.2,9412951,58.6,9457
"893",2013-05-01,7589.1,9512267,58.9,9533
"894",2013-06-01,7497.9,9519503,59,6403
"895",2013-07-01,7461.9,9538155,59,7248
"896",2013-08-01,7569.7,9501273,58.8,6645
"897",2013-09-01,7582.8,9539522,58.8,6369
"898",2013-10-01,7650.9,9434608,58.5,7668
"899",2013-11-01,7754.9,9446075,58.7,6879
"900",2013-12-01,7785.1,9422332,58.5,5660
"901",2014-01-01,7665.3,9452337,58.1,7585
"902",2014-02-01,7738.4,9494198,58.3,7796
"903",2014-03-01,7794.6,9559418,58.7,6019
"904",2014-04-01,7824,9528258,58.9,7217
"905",2014-05-01,7830.9,9612608,59.1,6807
"906",2014-06-01,7731.5,9601079,59.4,7673
"907",2014-07-01,7702.4,9630354,59.4,7801
"908",2014-08-01,7814.6,9585431,59.1,6793
"909",2014-09-01,7833.3,9623691,59.1,6110
"910",2014-10-01,7921.5,9632595,59.5,8259
"911",2014-11-01,8017.5,9572193,59.3,5348
"912",2014-12-01,8060.8,9515375,59.1,7543
"913",2015-01-01,7943.1,9539460,58.7,7781
"914",2015-02-01,8016.5,9529961,58.9,9072
"915",2015-03-01,8068,9545877,59,8441
"916",2015-04-01,8094.8,9576650,59.4,8214
"917",2015-05-01,8100.9,9674472,59.6,8738
"918",2015-06-01,8008.2,9632291,59.7,9992
"919",2015-07-01,7987.1,9650059,59.7,8339
"920",2015-08-01,8092.5,9617649,59.4,7320
"921",2015-09-01,8109.3,9630770,59.3,10390
"922",2015-10-01,8224.5,9643005,59.5,9062
"923",2015-11-01,8321.4,9627618,59.5,8127
"924",2015-12-01,8362.8,9632960,59.4,10545
"925",2016-01-01,8238.8,9655665,59,7938
"926",2016-02-01,8315.1,9712983,59.4,9453
"927",2016-03-01,8360.9,9767369,59.6,9292
"928",2016-04-01,8397.5,9747828,59.7,9428
"929",2016-05-01,8386.6,9807758,59.9,8600
"930",2016-06-01,8274,9822067,60,9728
"931",2016-07-01,8275.1,9873145,60.1,8950
"932",2016-08-01,8371.3,9856069,59.8,10623
"933",2016-09-01,8408.6,9935279,59.8,9987
"934",2016-10-01,8467.8,9930935,59.9,10156
"935",2016-11-01,8567.4,9907167,59.9,8240
"936",2016-12-01,8596,9892050,59.6,9858
"937",2017-01-01,8488.1,9948919,59.2,10023
"938",2017-02-01,8550.5,10006609,59.6,8368
"939",2017-03-01,8590.8,10070431,60,9590
"940",2017-04-01,8593.6,10083503,60.2,10962
"941",2017-05-01,8594.4,10119039,60.2,10608
"942",2017-06-01,8492.8,10128259,60.4,12365
"943",2017-07-01,8455.3,10162351,60.5,9896
"944",2017-08-01,8549.7,10103658,60.1,10803
"945",2017-09-01,8390.3,10196648,60.5,7966
"946",2017-10-01,8638.6,10120729,60.3,10721
"947",2017-11-01,8747.4,10106066,60.2,7665
"948",2017-12-01,8778,10075202,60,8748
"949",2018-01-01,8655.1,10085897,59.5,11346
"950",2018-02-01,8735.2,10187885,60.1,10235
"951",2018-03-01,8776.2,10202284,60.2,11321
"952",2018-04-01,8779.3,10189508,60.4,13793
"953",2018-05-01,8773.6,10249456,60.6,11192
"954",2018-06-01,8676.3,10259091,60.7,12957
"955",2018-07-01,8645.4,10295785,60.9,12952
"956",2018-08-01,8767.4,10184034,60.3,12439
"957",2018-09-01,8774.5,10280409,60.5,10481
"958",2018-10-01,8855.3,10305265,60.7,12123
"959",2018-11-01,8954.8,10293133,60.7,12159
"960",2018-12-01,8989.9,10284492,60.4,11548
"961",2019-01-01,8863.9,10318862,60,11190
"962",2019-02-01,8940.5,10366434,60.4,11099
"963",2019-03-01,8978.8,10313367,60.5,11661
"964",2019-04-01,8991,10265561,60.6,14518
"965",2019-05-01,8993.4,10369102,60.7,12393
"966",2019-06-01,8902.8,10417225,60.9,10983
"967",2019-07-01,8890,10470206,61.1,13109
"968",2019-08-01,8997.5,10454907,60.8,15187
"969",2019-09-01,9004.2,10532471,61,15067
"970",2019-10-01,9089.2,10566507,61.2,15381
"971",2019-11-01,9174.8,10479146,61.1,10374
